Workbook

Sheet 공정데이터
A1: 🏭 스마트팩토리 공정 데이터 | 2024년 1분기
A2: 배치ID | B2: 날짜 | C2: 라인 | D2: 제품코드 | E2: 온도(°C) | F2: 압력(bar) | G2: 습도(%) | H2: 작업자ID | I2: 생산수량 | J2: 불량수량 | K2: 불량률(%)
A3: B2024001 | B3: 2024-03-18 | C3: L-03 | D3: PRD-A | E3: 191.3 | F3: 6.06 | G3: 57.7 | H3: W001 | I3: 1885 | J3: 137 | K3: =IF(I3=0,0,J3/I3)
A4: B2024002 | B4: 2024-01-23 | C4: L-03 | D4: PRD-D | E4: 188.5 | F4: 6.04 | G4: 56.5 | H4: W005 | I4: 1649 | J4: 67 | K4: =IF(I4=0,0,J4/I4)
A5: B2024003 | B5: 2024-03-14 | C5: L-02 | D5: PRD-B | E5: 178.9 | F5: 6.13 | G5: 66.5 | H5: W003 | I5: 826 | J5: 20 | K5: =IF(I5=0,0,J5/I5)
A6: B2024004 | B6: 2024-02-20 | C6: L-02 | D6: PRD-B | E6: 187.9 | F6: 6.83 | G6: 62.8 | H6: W003 | I6: 1235 | J6: 30 | K6: =IF(I6=0,0,J6/I6)
A7: B2024005 | B7: 2024-03-28 | C7: L-01 | D7: PRD-D | E7: 164 | F7: 5.7 | G7: 45.8 | H7: W003 | I7: 1787 | J7: 48 | K7: =IF(I7=0,0,J7/I7)
A8: B2024006 | B8: 2024-01-28 | C8: L-03 | D8: PRD-B | E8: 184.3 | F8: 5.85 | G8: 56.1 | H8: W001 | I8: 663 | J8: 24 | K8: =IF(I8=0,0,J8/I8)
A9: B2024007 | B9: 2024-02-23 | C9: L-02 | D9: PRD-C | E9: 170.5 | F9: 6.27 | G9: 59.9 | H9: W001 | I9: 1872 | J9: 49 | K9: =IF(I9=0,0,J9/I9)
A10: B2024008 | B10: 2024-03-18 | C10: L-03 | D10: PRD-B | E10: 179.1 | F10: 5.92 | G10: 47.3 | H10: W002 | I10: 1810 | J10: 56 | K10: =IF(I10=0,0,J10/I10)
A11: B2024009 | B11: 2024-02-09 | C11: L-03 | D11: PRD-C | E11: 192.6 | F11: 5.28 | G11: 55.3 | H11: W001 | I11: 1146 | J11: 94 | K11: =IF(I11=0,0,J11/I11)
A12: B2024010 | B12: 2024-02-05 | C12: L-01 | D12: PRD-C | E12: 187.2 | F12: 6.57 | G12: 65.7 | H12: W002 | I12: 792 | J12: 21 | K12: =IF(I12=0,0,J12/I12)
A13: B2024011 | B13: 2024-03-16 | C13: L-03 | D13: PRD-C | E13: 184.8 | F13: 5.47 | G13: 46.8 | H13: W001 | I13: 783 | J13: 36 | K13: =IF(I13=0,0,J13/I13)
A14: B2024012 | B14: 2024-02-20 | C14: L-01 | D14: PRD-A | E14: 187.7 | F14: 6.24 | G14: 49.3 | H14: W004 | I14: 1288 | J14: 13 | K14: =IF(I14=0,0,J14/I14)
... A202: B2024200 | B202: 2024-02-01 | C202: L-02 | D202: PRD-C | E202: 186.7 | F202: 6.27 | G202: 66.2 | H202: W001 | I202: 1131 | J202: 39 | K202: =IF(I202=0,0,J202/I202)

Sheet 통계요약
A1: 📊 공정 통계 요약
A3: 📌 라인별 불량률 요약
A4: 라인 | B4: 생산수량 합계 | C4: 불량수량 합계 | D4: 평균불량률 | E4: 최대불량률 | F4: 최소불량률
A5: L-01 | B5: =SUMIF(공정데이터!C$3:C$202,A5,공정데이터!I$3:I$202) | C5: =SUMIF(공정데이터!C$3:C$202,A5,공정데이터!J$3:J$202) | D5: =AVERAGEIF(공정데이터!C$3:C$202,A5,공정데이터!K$3:K$202) | E5: =MAXIFS(공정데이터!K$3:K$202,공정데이터!C$3:C$202,A5) | F5: =MINIFS(공정데이터!K$3:K$202,공정데이터!C$3:C$202,A5)
A6: L-02 | B6: =SUMIF(공정데이터!C$3:C$202,A6,공정데이터!I$3:I$202) | C6: =SUMIF(공정데이터!C$3:C$202,A6,공정데이터!J$3:J$202) | D6: =AVERAGEIF(공정데이터!C$3:C$202,A6,공정데이터!K$3:K$202) | E6: =MAXIFS(공정데이터!K$3:K$202,공정데이터!C$3:C$202,A6) | F6: =MINIFS(공정데이터!K$3:K$202,공정데이터!C$3:C$202,A6)
A7: L-03 | B7: =SUMIF(공정데이터!C$3:C$202,A7,공정데이터!I$3:I$202) | C7: =SUMIF(공정데이터!C$3:C$202,A7,공정데이터!J$3:J$202) | D7: =AVERAGEIF(공정데이터!C$3:C$202,A7,공정데이터!K$3:K$202) | E7: =MAXIFS(공정데이터!K$3:K$202,공정데이터!C$3:C$202,A7) | F7: =MINIFS(공정데이터!K$3:K$202,공정데이터!C$3:C$202,A7)
A10: 📌 제품별 불량률 요약
A11: 제품코드 | B11: 생산수량 합계 | C11: 불량수량 합계 | D11: 평균불량률
A12: PRD-A | B12: =SUMIF(공정데이터!D$3:D$202,A12,공정데이터!I$3:I$202) | C12: =SUMIF(공정데이터!D$3:D$202,A12,공정데이터!J$3:J$202) | D12: =AVERAGEIF(공정데이터!D$3:D$202,A12,공정데이터!K$3:K$202)
A13: PRD-B | B13: =SUMIF(공정데이터!D$3:D$202,A13,공정데이터!I$3:I$202) | C13: =SUMIF(공정데이터!D$3:D$202,A13,공정데이터!J$3:J$202) | D13: =AVERAGEIF(공정데이터!D$3:D$202,A13,공정데이터!K$3:K$202)
A14: PRD-C | B14: =SUMIF(공정데이터!D$3:D$202,A14,공정데이터!I$3:I$202) | C14: =SUMIF(공정데이터!D$3:D$202,A14,공정데이터!J$3:J$202) | D14: =AVERAGEIF(공정데이터!D$3:D$202,A14,공정데이터!K$3:K$202)
A15: PRD-D | B15: =SUMIF(공정데이터!D$3:D$202,A15,공정데이터!I$3:I$202) | C15: =SUMIF(공정데이터!D$3:D$202,A15,공정데이터!J$3:J$202) | D15: =AVERAGEIF(공정데이터!D$3:D$202,A15,공정데이터!K$3:K$202)
A18: 📌 전체 KPI
A19: KPI 항목 | B19: 값
A20: 총 배치 수 | B20: =COUNTA(공정데이터!A3:A202)
A21: 총 생산수량 | B21: =SUM(공정데이터!I3:I202)
A22: 총 불량수량 | B22: =SUM(공정데이터!J3:J202)
A23: 전체 평균 불량률 | B23: =AVERAGE(공정데이터!K3:K202)
A24: 최고 불량률 | B24: =MAX(공정데이터!K3:K202)

Sheet 데이터설명
A1: 📋 데이터 설명 (README)
A3: 컬럼명 | B3: 단위 | C3: 설명 | D3: 비고
A4: 배치ID | B4: - | C4: 생산 배치 고유 ID | D4: B + 7자리 숫자
A5: 날짜 | B5: - | C5: 생산 날짜 | D5: YYYY-MM-DD
A6: 라인 | B6: - | C6: 생산 라인 코드 | D6: L-01 / L-02 / L-03
A7: 제품코드 | B7: - | C7: 제품 종류 | D7: PRD-A~D
A8: 온도 | B8: °C | C8: 공정 온도 | D8: 정상범위: 180~190°C
A9: 압력 | B9: bar | C9: 공정 압력 | D9: 정상범위: 5.5~6.5bar
A10: 습도 | B10: % | C10: 작업장 상대습도 | D10: 정상범위: 45~65%
A11: 작업자ID | B11: - | C11: 작업자 고유 ID | D11: W001~W005
A12: 생산수량 | B12: 개 | C12: 해당 배치 총 생산량
A13: 불량수량 | B13: 개 | C13: 해당 배치 불량 개수
A14: 불량률 | B14: % | C14: 불량수량 / 생산수량 | D14: 수식 자동 계산
A18: 🎯 머신러닝 목표
A19: 온도, 압력, 습도, 라인 정보를 이용하여 불량 여부(불량률 > 5%)를 예측하는 분류 모델 학습
